,abbreviation,assist_percentage,assists,away_losses,away_wins,block_percentage,blocks,conference,conference_losses,conference_wins,defensive_rebounds,effective_field_goal_percentage,field_goal_attempts,field_goal_percentage,field_goals,free_throw_attempt_rate,free_throw_attempts,free_throw_percentage,free_throws,free_throws_per_field_goal_attempt,games_played,home_losses,home_wins,losses,minutes_played,name,net_rating,offensive_rating,offensive_rebound_percentage,offensive_rebounds,opp_assist_percentage,opp_assists,opp_block_percentage,opp_blocks,opp_defensive_rebounds,opp_effective_field_goal_percentage,opp_field_goal_attempts,opp_field_goal_percentage,opp_field_goals,opp_free_throw_attempt_rate,opp_free_throw_attempts,opp_free_throw_percentage,opp_free_throws,opp_free_throws_per_field_goal_attempt,opp_offensive_rating,opp_offensive_rebound_percentage,opp_offensive_rebounds,opp_personal_fouls,opp_points,opp_steal_percentage,opp_steals,opp_three_point_attempt_rate,opp_three_point_field_goal_attempts,opp_three_point_field_goal_percentage,opp_three_point_field_goals,opp_two_point_field_goal_attempts,opp_two_point_field_goal_percentage,opp_two_point_field_goals,opp_total_rebound_percentage,opp_total_rebounds,opp_true_shooting_percentage,opp_turnover_percentage,opp_turnovers,pace,personal_fouls,points,simple_rating_system,steal_percentage,steals,strength_of_schedule,three_point_attempt_rate,three_point_field_goal_attempts,three_point_field_goal_percentage,three_point_field_goals,two_point_field_goal_attempts,two_point_field_goal_percentage,two_point_field_goals,total_rebound_percentage,total_rebounds,true_shooting_percentage,turnover_percentage,turnovers,win_percentage,wins
AKRON,AKRON,57.5,627,3,9,9.1,105,mac,1,17,908,0.588,2169,0.503,1090,0.277,601,0.754,453,0.209,,0,15,5,1360,Akron,,123.1,34.0,386,51.4,449,8.0,95,749,0.498,2074,0.421,874,0.288,597,0.724,432,0.208,,29.3,376,531,2499,8.7,212,0.441,914,0.349,319,1160,0.478,555,46.5,1125,0.53,16.3,460,71.8,536,3004,9.05,10.5,256,-3.32,0.451,979,0.379,371,1190,0.604,719,53.5,1294,0.612,13.2,372,0.853,29
ALABAMA,ALABAMA,53.5,516,3,7,11.3,162,sec,5,13,909,0.554,2108,0.458,965,0.372,784,0.765,600,0.285,,3,12,9,1290,Alabama,,122.0,31.8,391,46.7,446,12.1,118,837,0.492,2205,0.433,955,0.327,720,0.697,502,0.228,,32.8,443,635,2671,8.5,205,0.351,773,0.335,259,1432,0.486,696,49.6,1280,0.524,10.7,304,74.6,593,2935,22.7,8.6,206,14.45,0.537,1131,0.358,405,977,0.573,560,50.4,1300,0.592,11.2,313,0.719,23
ARIZONA,ARIZONA,55.4,576,1,9,10.8,144,big-12,2,16,1012,0.551,2069,0.502,1039,0.429,887,0.734,651,0.315,,1,16,2,1365,Arizona,,120.3,38.1,434,48.9,408,8.3,126,706,0.45,2129,0.392,834,0.277,590,0.715,422,0.198,,26.9,372,669,2339,8.4,205,0.372,792,0.314,249,1337,0.438,585,42.7,1078,0.485,14.5,407,71.3,544,2929,29.93,10.9,266,12.58,0.268,555,0.36,200,1514,0.554,839,57.3,1446,0.588,12.9,368,0.941,32
ARKANSAS,ARKANSAS,52.5,557,5,5,13.0,169,sec,5,13,821,0.563,2124,0.5,1061,0.367,779,0.747,582,0.274,,1,17,8,1340,Arkansas,,122.5,32.6,370,49.7,477,6.8,96,765,0.515,2108,0.455,960,0.316,666,0.713,475,0.225,,31.5,377,599,2648,6.8,164,0.382,806,0.314,253,1302,0.543,707,48.9,1142,0.546,13.7,385,72.4,561,2972,22.1,10.0,243,12.28,0.331,704,0.381,268,1420,0.558,793,51.1,1191,0.596,10.6,296,0.758,25
BRIGHAM-YOUNG,BRIGHAM-YOUNG,45.4,459,6,3,11.9,151,big-12,9,9,881,0.547,2117,0.477,1010,0.342,723,0.746,539,0.255,,3,12,11,1365,Brigham Young,,118.7,34.6,421,54.3,501,7.9,101,797,0.512,2083,0.443,922,0.289,602,0.713,429,0.206,,29.3,365,628,2561,8.9,214,0.392,816,0.353,288,1267,0.5,634,47.2,1162,0.541,14.3,396,70.5,536,2853,21.05,10.2,245,12.46,0.398,842,0.349,294,1275,0.562,716,52.8,1302,0.58,13.0,369,0.676,23
CALIFORNIA-BAPTIST,CALIFORNIA-BAPTIST,40.3,332,7,7,7.5,93,wac,5,13,835,0.487,1899,0.433,823,0.367,696,0.716,498,0.262,,0,15,8,1295,California Baptist,,107.4,38.1,448,45.9,347,9.6,125,729,0.464,1816,0.416,756,0.368,669,0.723,484,0.267,,27.3,313,584,2169,10.0,219,0.322,584,0.296,173,1232,0.473,583,44.8,1042,0.508,14.8,372,67.5,597,2347,2.54,8.0,174,-2.92,0.318,603,0.337,203,1296,0.478,620,55.2,1283,0.526,15.0,395,0.75,24
CLEMSON,CLEMSON,50.2,434,5,6,9.1,96,acc,6,12,850,0.526,1906,0.453,864,0.371,708,0.726,514,0.27,,3,13,10,1370,Clemson,,112.4,28.1,316,46.4,360,10.3,112,809,0.489,1851,0.419,776,0.331,613,0.747,458,0.247,,25.7,294,618,2269,8.4,189,0.429,795,0.326,259,1056,0.49,517,48.6,1103,0.53,15.5,392,65.5,545,2521,17.0,9.6,215,9.59,0.429,818,0.341,279,1088,0.538,585,51.4,1166,0.562,12.5,319,0.706,24
CONNECTICUT,CONNECTICUT,65.0,625,2,9,15.2,179,big-east,3,17,848,0.553,1994,0.482,962,0.3,598,0.716,428,0.215,,2,15,5,1370,Connecticut,,116.5,35.7,395,48.5,359,9.7,115,711,0.457,1842,0.402,740,0.402,740,0.719,532,0.289,,28.7,341,584,2214,8.8,200,0.362,667,0.303,202,1175,0.458,538,45.8,1052,0.505,15.7,408,66.0,612,2635,22.93,10.3,234,10.55,0.403,804,0.352,283,1190,0.571,679,54.2,1243,0.578,14.3,380,0.853,29
DUKE,DUKE,59.2,576,1,10,10.4,111,acc,1,17,946,0.568,1986,0.49,973,0.378,750,0.724,543,0.273,,0,15,2,1360,Duke,,122.6,38.1,424,51.4,396,9.3,103,689,0.462,1963,0.392,770,0.237,466,0.717,334,0.17,,24.8,312,617,2147,9.4,215,0.457,897,0.304,273,1066,0.466,497,42.2,1001,0.491,15.9,414,67.1,534,2798,31.57,11.6,265,12.43,0.444,881,0.351,309,1105,0.601,664,57.8,1370,0.597,13.3,358,0.941,32
FLORIDA,FLORIDA,54.0,549,2,8,12.4,167,sec,2,16,967,0.535,2125,0.478,1016,0.391,830,0.71,589,0.277,,1,14,7,1320,Florida,,119.8,43.2,532,44.5,368,7.2,96,700,0.463,2025,0.408,827,0.34,689,0.727,501,0.247,,24.8,319,654,2376,9.2,219,0.337,683,0.324,221,1342,0.452,606,40.5,1019,0.505,13.5,368,72.5,586,2864,27.92,9.2,221,13.14,0.371,789,0.308,243,1336,0.579,773,59.5,1499,0.568,13.5,394,0.788,26
FURMAN,FURMAN,57.0,532,5,7,9.6,112,southern,8,10,921,0.553,1963,0.476,934,0.317,623,0.69,430,0.219,,5,11,12,1375,Furman,,113.4,32.7,370,47.1,405,9.9,103,762,0.494,2021,0.425,859,0.284,573,0.702,402,0.199,,26.4,331,579,2397,11.3,258,0.423,855,0.324,277,1166,0.499,582,45.8,1093,0.523,12.5,328,66.7,513,2600,-3.22,7.1,163,-6.12,0.47,923,0.327,302,1040,0.608,632,54.2,1291,0.575,15.2,406,0.647,22
GEORGIA,GEORGIA,48.4,478,4,6,15.1,195,sec,8,10,805,0.546,2097,0.471,988,0.37,775,0.754,584,0.278,,4,14,10,1300,Georgia,,120.5,35.2,417,47.3,429,9.6,113,769,0.501,2071,0.438,907,0.308,637,0.717,457,0.221,,34.9,431,603,2533,9.3,223,0.376,778,0.337,262,1293,0.499,645,49.5,1200,0.534,15.6,440,73.4,545,2874,19.58,11.2,268,8.93,0.439,921,0.341,314,1176,0.573,674,50.5,1222,0.583,12.2,341,0.688,22
GONZAGA,GONZAGA,56.7,605,2,8,11.4,122,wcc,2,16,922,0.563,2092,0.51,1067,0.311,651,0.699,455,0.217,,0,15,3,1325,Gonzaga,,120.5,34.8,395,52.9,397,6.0,86,740,0.462,1903,0.395,751,0.31,589,0.713,420,0.221,,25.9,322,575,2178,7.5,175,0.437,832,0.308,256,1071,0.462,495,44.6,1062,0.499,17.9,477,70.4,555,2809,25.14,12.1,281,6.02,0.31,648,0.34,220,1444,0.587,847,55.4,1317,0.585,11.7,319,0.909,30
HAWAII,HAWAII,51.1,439,5,6,10.1,130,big-west,6,14,902,0.522,1870,0.459,859,0.429,802,0.741,594,0.318,,3,16,8,1290,Hawaii,,109.6,32.3,355,37.9,299,8.2,92,745,0.46,1918,0.411,788,0.35,672,0.692,465,0.242,,25.3,306,667,2231,10.6,246,0.326,626,0.304,190,1292,0.463,598,45.5,1051,0.499,14.9,391,72.1,571,2548,4.86,9.1,212,-3.57,0.401,749,0.315,236,1121,0.556,623,54.5,1257,0.566,16.1,431,0.75,24
HIGH-POINT,HIGH-POINT,53.6,554,2,7,11.4,130,big-south,1,15,842,0.566,2104,0.491,1034,0.433,911,0.743,677,0.322,,1,17,4,1370,High Point,,124.5,33.1,395,51.9,429,9.7,118,797,0.491,1937,0.426,826,0.356,690,0.703,485,0.25,,30.4,367,685,2389,6.6,163,0.41,794,0.317,252,1143,0.502,574,48.5,1164,0.527,19.8,558,71.8,634,3059,6.77,15.1,370,-7.87,0.42,883,0.356,314,1221,0.59,720,51.5,1237,0.603,11.1,318,0.882,30
HOFSTRA,HOFSTRA,49.0,434,8,9,10.6,125,coastal,6,12,913,0.522,2005,0.442,886,0.319,639,0.746,477,0.238,,2,10,10,1370,Hofstra,,114.4,35.5,422,54.9,418,10.2,115,768,0.45,1967,0.387,761,0.34,668,0.711,475,0.241,,29.4,381,570,2246,7.6,171,0.401,789,0.316,249,1178,0.435,512,46.3,1149,0.492,13.1,343,65.6,583,2571,4.48,7.5,169,-2.46,0.437,876,0.368,322,1129,0.5,564,53.7,1335,0.557,13.5,360,0.706,24
HOUSTON,HOUSTON,52.9,499,3,6,12.5,131,big-12,4,14,809,0.521,2099,0.45,944,0.269,565,0.772,436,0.208,,1,15,6,1365,Houston,,118.4,35.9,435,53.5,380,6.4,79,777,0.466,1775,0.4,710,0.39,693,0.698,484,0.273,,30.9,362,538,2137,7.0,156,0.409,726,0.321,233,1049,0.455,477,47.8,1139,0.508,18.1,466,64.9,612,2623,26.23,11.9,263,11.93,0.408,856,0.349,299,1243,0.519,645,52.2,1244,0.554,10.9,289,0.824,28
HOWARD,HOWARD,62.2,535,6,7,10.1,121,meac,3,11,798,0.517,1875,0.459,860,0.45,843,0.731,616,0.329,,4,11,10,1324,Howard,,110.4,37.2,409,45.5,347,10.5,130,691,0.47,1822,0.418,762,0.407,742,0.706,524,0.288,,30.7,354,658,2236,8.5,197,0.345,628,0.299,188,1194,0.481,574,46.4,1045,0.514,18.6,498,69.9,632,2556,-4.62,12.3,286,-11.83,0.34,637,0.345,220,1238,0.517,640,53.6,1207,0.562,16.4,447,0.697,23
IDAHO,IDAHO,46.7,439,9,7,6.4,81,big-sky,9,9,936,0.531,2097,0.448,940,0.34,713,0.735,524,0.25,,4,9,14,1405,Idaho,,112.7,30.0,373,46.6,402,8.6,96,870,0.494,2003,0.431,863,0.379,759,0.738,560,0.28,,23.5,288,653,2540,9.0,221,0.369,740,0.343,254,1263,0.482,609,46.9,1158,0.537,13.8,379,69.6,636,2753,-0.03,8.4,205,-2.69,0.468,981,0.356,349,1116,0.53,591,53.1,1309,0.565,13.2,370,0.6,21
ILLINOIS,ILLINOIS,51.2,470,2,8,12.6,148,big-ten,5,15,879,0.551,1984,0.463,918,0.329,653,0.789,515,0.26,,3,14,8,1300,Illinois,,125.5,38.7,422,51.4,427,8.5,83,669,0.476,2024,0.41,830,0.206,417,0.734,306,0.151,,27.0,325,599,2234,8.2,176,0.422,854,0.314,268,1170,0.48,562,43.3,994,0.503,10.1,250,66.2,428,2700,26.46,5.6,120,11.9,0.507,1006,0.347,349,978,0.582,569,56.7,1301,0.588,11.0,284,0.75,24
IOWA,IOWA,58.0,506,8,3,6.7,66,big-ten,10,10,680,0.566,1777,0.491,873,0.345,613,0.77,472,0.266,,3,14,12,1325,Iowa,,118.2,30.1,291,51.0,382,8.3,86,676,0.527,1625,0.461,749,0.391,636,0.731,465,0.286,,28.0,265,577,2177,8.0,168,0.391,635,0.337,214,990,0.54,535,49.2,941,0.565,18.6,441,63.4,582,2482,19.0,11.2,235,9.75,0.416,739,0.357,264,1038,0.587,609,50.8,971,0.6,13.4,320,0.636,21
IOWA-STATE,IOWA-STATE,58.4,586,5,5,8.6,92,big-12,6,12,808,0.565,2048,0.49,1003,0.34,696,0.672,468,0.229,,1,16,7,1360,Iowa State,,120.0,35.3,403,54.5,433,9.6,120,738,0.495,1862,0.426,794,0.279,519,0.715,371,0.199,,28.1,316,570,2215,9.8,227,0.428,797,0.321,256,1065,0.505,538,46.5,1054,0.525,19.8,519,68.2,543,2781,27.15,13.2,305,10.5,0.388,794,0.387,307,1254,0.555,696,53.5,1211,0.585,12.8,349,0.794,27
KANSAS,KANSAS,53.3,471,6,5,15.6,189,big-12,6,12,948,0.516,1948,0.453,883,0.326,635,0.767,487,0.25,,2,14,10,1330,Kansas,,110.0,29.5,334,48.0,389,8.3,104,799,0.452,2088,0.388,810,0.277,578,0.694,401,0.192,,30.1,409,529,2290,9.6,217,0.42,877,0.307,269,1211,0.447,541,48.5,1208,0.485,11.8,317,68.2,474,2496,21.11,8.0,181,14.87,0.357,695,0.35,243,1253,0.511,640,51.5,1282,0.555,13.5,352,0.697,23
KENNESAW-STATE,KENNESAW-STATE,51.6,485,8,4,14.3,180,cusa,10,10,898,0.522,2106,0.446,940,0.436,918,0.691,634,0.301,,3,13,13,1370,Kennesaw State,,114.2,36.6,473,48.3,398,11.9,142,819,0.47,2023,0.407,824,0.454,918,0.744,683,0.338,,30.0,384,684,2586,10.6,264,0.38,768,0.332,255,1255,0.453,569,46.7,1203,0.526,14.4,414,72.4,680,2834,0.14,9.7,241,-1.99,0.434,915,0.35,320,1191,0.521,620,53.3,1371,0.557,13.7,404,0.618,21
KENTUCKY,KENTUCKY,57.0,544,6,4,12.3,150,sec,8,10,869,0.531,2057,0.464,955,0.375,771,0.728,561,0.273,,4,14,13,1360,Kentucky,,115.7,33.8,406,55.2,473,8.7,109,796,0.488,2016,0.425,857,0.37,745,0.73,544,0.27,,30.1,375,615,2510,9.5,225,0.395,797,0.316,252,1219,0.496,605,47.9,1171,0.53,13.7,376,69.8,627,2746,19.82,10.2,243,12.88,0.392,806,0.341,275,1251,0.544,680,52.1,1275,0.567,12.8,357,0.618,21
LEHIGH,LEHIGH,55.0,487,11,4,8.2,113,patriot,7,11,822,0.534,1909,0.464,886,0.323,617,0.731,451,0.236,,4,13,16,1405,Lehigh,,105.7,23.6,261,44.8,407,7.8,91,847,0.498,2038,0.446,908,0.316,644,0.753,485,0.238,,31.1,371,583,2515,11.8,279,0.322,657,0.326,214,1381,0.503,694,52.9,1218,0.536,14.1,385,67.1,543,2490,-9.32,9.7,228,-7.03,0.389,743,0.359,267,1166,0.531,619,47.1,1083,0.565,15.8,412,0.529,18
LONG-ISLAND-UNIVERSITY,LONG-ISLAND-UNIVERSITY,49.7,464,9,10,13.9,183,nec,3,15,804,0.533,1941,0.481,933,0.347,674,0.668,450,0.232,,1,14,10,1365,Long Island University,,108.3,34.3,386,49.2,430,8.1,112,740,0.498,1964,0.445,874,0.341,670,0.69,462,0.235,,32.6,389,595,2418,10.5,244,0.332,652,0.319,208,1312,0.508,666,48.7,1129,0.53,16.2,440,68.1,599,2519,-4.94,11.4,266,-7.91,0.29,562,0.361,203,1379,0.529,730,51.3,1190,0.557,16.4,442,0.706,24
LOUISVILLE,LOUISVILLE,59.5,564,7,4,9.2,110,acc,7,11,895,0.564,2016,0.47,948,0.335,675,0.769,519,0.257,,2,15,10,1320,Louisville,,119.4,32.9,374,48.3,402,12.4,118,764,0.488,1964,0.424,832,0.334,656,0.712,467,0.238,,26.9,329,585,2382,9.2,216,0.391,768,0.327,251,1196,0.486,581,46.3,1093,0.523,14.7,391,71.0,608,2797,23.42,9.7,227,10.84,0.528,1065,0.357,380,951,0.597,568,53.7,1269,0.599,14.1,384,0.697,23
MARYLAND-BALTIMORE-COUNTY,MARYLAND-BALTIMORE-COUNTY,45.2,389,6,9,6.8,82,america-east,2,14,872,0.542,1827,0.471,861,0.329,601,0.762,458,0.251,,2,15,8,1290,Maryland-Baltimore County,,113.0,25.6,263,41.3,333,6.7,74,764,0.481,1903,0.424,806,0.245,467,0.675,315,0.166,,25.2,294,491,2144,8.0,173,0.368,701,0.31,217,1202,0.49,589,48.2,1058,0.505,13.4,329,66.9,424,2439,-4.39,7.5,161,-11.86,0.392,717,0.361,259,1110,0.542,602,51.8,1135,0.577,12.7,307,0.75,24
MCNEESE-STATE,MCNEESE-STATE,50.3,467,5,9,15.7,143,southland,3,19,744,0.523,1985,0.468,928,0.381,756,0.747,565,0.285,,0,14,5,1335,McNeese State,,117.6,36.4,418,56.4,399,6.3,81,729,0.484,1741,0.407,708,0.403,701,0.725,508,0.292,,34.1,385,585,2193,6.6,149,0.477,831,0.324,269,910,0.482,439,48.9,1114,0.529,21.2,559,67.3,618,2641,7.78,15.5,348,-2.03,0.347,689,0.319,220,1296,0.546,708,51.1,1162,0.563,11.9,317,0.848,28
MIAMI-FL,MIAMI-FL,53.7,531,2,8,10.0,112,acc,5,13,827,0.556,1974,0.501,989,0.375,740,0.685,507,0.257,,3,15,8,1320,Miami (FL),,118.2,37.0,404,54.3,458,10.2,138,689,0.517,1897,0.445,844,0.29,551,0.697,384,0.202,,26.3,295,595,2349,9.7,221,0.409,776,0.354,275,1121,0.508,569,44.4,984,0.544,16.3,420,69.3,510,2704,18.05,11.4,260,7.29,0.317,625,0.347,217,1349,0.572,772,55.6,1231,0.581,13.7,370,0.758,25
MIAMI-OH,MIAMI-OH,51.5,516,0,14,8.6,107,mac,0,18,870,0.612,1909,0.524,1001,0.396,756,0.749,566,0.296,,0,16,1,1300,Miami (OH),,123.9,26.4,265,46.8,407,7.3,77,739,0.497,1994,0.436,869,0.291,580,0.738,428,0.215,,27.7,334,623,2409,8.5,199,0.375,748,0.325,243,1246,0.502,626,48.6,1073,0.531,15.4,412,72.1,515,2902,5.38,10.2,238,-5.48,0.447,853,0.392,334,1056,0.632,667,51.4,1135,0.64,12.9,335,0.969,31
MICHIGAN,MICHIGAN,61.1,613,0,11,16.3,197,big-ten,1,19,963,0.582,1982,0.507,1004,0.386,765,0.746,571,0.288,,1,14,2,1326,Michigan,,121.4,35.4,363,45.9,366,9.3,107,661,0.444,2098,0.38,798,0.259,544,0.752,409,0.195,,27.8,370,649,2273,9.0,214,0.423,887,0.302,268,1211,0.438,530,43.7,1031,0.482,13.7,375,71.6,513,2880,32.93,8.1,192,14.54,0.419,831,0.362,301,1151,0.611,703,56.3,1326,0.614,14.6,400,0.939,31
MICHIGAN-STATE,MICHIGAN-STATE,67.0,591,4,6,13.3,131,big-ten,5,15,868,0.536,1874,0.471,882,0.362,678,0.763,517,0.276,,2,15,7,1290,Michigan State,,117.3,38.5,407,56.4,421,8.1,97,651,0.486,1818,0.41,746,0.309,562,0.751,422,0.232,,22.6,254,599,2189,9.7,209,0.46,836,0.329,275,982,0.48,471,41.5,905,0.525,13.2,318,66.8,521,2526,23.46,7.6,164,12.92,0.364,682,0.359,245,1192,0.534,637,58.5,1275,0.575,14.4,368,0.781,25
MISSOURI,MISSOURI,50.6,452,7,5,10.4,111,sec,8,10,768,0.553,1823,0.49,894,0.425,774,0.686,531,0.291,,3,15,12,1290,Missouri,,115.6,35.5,371,51.8,422,9.8,114,674,0.514,1868,0.436,814,0.351,655,0.747,489,0.262,,31.4,351,594,2411,9.5,210,0.431,805,0.365,294,1063,0.489,520,47.4,1025,0.553,14.3,365,68.4,564,2549,13.08,9.7,213,8.77,0.36,657,0.35,230,1166,0.569,664,52.6,1139,0.582,15.3,396,0.625,20
NORTH-CAROLINA-STATE,NORTH-CAROLINA-STATE,54.8,515,4,6,10.6,111,acc,8,10,814,0.553,2006,0.468,939,0.352,706,0.768,542,0.27,,6,11,13,1335,NC State,,119.0,28.5,325,49.4,426,9.3,105,817,0.53,1919,0.45,863,0.365,701,0.698,489,0.255,,30.3,354,560,2525,7.3,170,0.453,870,0.356,310,1049,0.527,553,50.7,1171,0.561,15.8,422,69.5,599,2762,18.03,11.5,266,10.85,0.439,881,0.388,342,1125,0.531,597,49.3,1139,0.59,11.5,305,0.606,20
NEBRASKA,NEBRASKA,65.6,575,3,7,8.7,82,big-ten,5,15,836,0.554,1884,0.465,876,0.272,512,0.75,384,0.204,,2,16,6,1290,Nebraska,,114.0,26.3,281,60.5,456,9.3,86,789,0.478,1865,0.404,754,0.248,463,0.726,336,0.18,,27.7,320,500,2119,7.5,162,0.493,919,0.299,275,946,0.506,479,49.8,1109,0.508,16.6,416,67.3,456,2473,21.54,10.7,232,10.48,0.507,956,0.353,337,928,0.581,539,50.2,1117,0.581,12.8,312,0.813,26
NORTH-CAROLINA,NORTH-CAROLINA,57.0,511,6,4,8.6,110,acc,6,12,872,0.546,1895,0.473,896,0.374,709,0.684,485,0.256,,0,18,8,1280,North Carolina,,116.0,31.4,345,48.1,406,9.0,98,754,0.482,2019,0.418,844,0.238,481,0.701,337,0.167,,28.1,341,584,2282,8.4,184,0.369,746,0.345,257,1273,0.461,587,47.4,1095,0.508,11.8,300,68.8,468,2553,19.4,7.8,171,10.94,0.423,801,0.345,276,1094,0.567,620,52.6,1217,0.572,12.2,309,0.75,24
NORTH-DAKOTA-STATE,NORTH-DAKOTA-STATE,53.9,528,5,10,9.0,97,summit,2,14,844,0.545,2091,0.468,979,0.308,644,0.725,467,0.223,,1,13,7,1380,North Dakota State,,116.1,33.3,395,54.2,456,8.5,103,792,0.511,1924,0.438,842,0.279,537,0.741,398,0.207,,25.2,284,543,2366,9.3,220,0.441,849,0.335,284,1075,0.519,558,46.5,1076,0.543,17.6,466,68.5,499,2745,2.51,12.0,283,-5.78,0.419,876,0.365,320,1215,0.542,659,53.5,1239,0.573,13.2,366,0.794,27
NORTHERN-IOWA,NORTHERN-IOWA,57.4,526,6,6,9.9,109,mvc,9,11,878,0.548,1921,0.477,916,0.256,491,0.699,343,0.179,,5,12,12,1410,Northern Iowa,,109.1,22.1,240,49.3,378,7.9,91,846,0.466,1884,0.407,766,0.287,540,0.719,388,0.206,,26.1,310,507,2144,9.0,202,0.417,785,0.285,224,1099,0.493,542,50.8,1156,0.501,16.3,416,63.7,534,2447,8.52,10.1,226,1.52,0.399,767,0.355,272,1154,0.558,644,49.2,1118,0.568,13.2,327,0.657,23
OHIO-STATE,OHIO-STATE,52.0,474,6,5,7.0,79,big-ten,8,12,790,0.565,1850,0.493,912,0.378,699,0.775,542,0.293,,3,14,12,1335,Ohio State,,118.6,30.8,307,53.4,445,8.8,98,691,0.503,1896,0.439,833,0.351,665,0.743,494,0.261,,30.0,338,623,2402,8.1,181,0.403,765,0.316,242,1131,0.523,591,48.4,1029,0.543,13.7,350,66.5,584,2633,19.1,7.2,161,12.1,0.401,741,0.36,267,1109,0.582,645,51.6,1097,0.603,13.6,343,0.636,21
PENNSYLVANIA,PENNSYLVANIA,52.6,388,8,4,8.6,87,ivy,5,9,696,0.505,1676,0.44,737,0.37,620,0.685,425,0.254,,2,12,11,1125,Pennsylvania,,108.3,31.2,323,53.2,404,9.6,105,712,0.514,1683,0.452,760,0.277,467,0.666,311,0.185,,29.7,294,533,2042,8.6,169,0.398,669,0.315,211,1014,0.541,549,49.7,1006,0.536,15.7,354,69.6,466,2119,-0.86,9.8,191,-1.97,0.345,578,0.381,220,1098,0.471,517,50.3,1019,0.538,13.3,301,0.607,17
PRAIRIE-VIEW,PRAIRIE-VIEW,44.8,418,13,3,12.1,163,swac,9,9,837,0.495,2102,0.443,932,0.43,904,0.753,681,0.324,,3,10,17,1405,Prairie View,,106.4,28.0,352,48.1,434,7.8,113,903,0.495,2065,0.437,902,0.416,859,0.721,619,0.3,,33.3,417,721,2662,8.8,227,0.346,714,0.335,239,1351,0.491,663,52.6,1320,0.538,17.8,535,73.8,670,2761,-12.71,10.7,278,-9.91,0.307,646,0.334,216,1456,0.492,716,47.4,1189,0.545,14.1,417,0.514,18
PURDUE,PURDUE,66.7,676,3,8,8.7,92,big-ten,7,13,823,0.577,2037,0.498,1014,0.283,577,0.744,429,0.211,,5,12,8,1365,Purdue,,124.6,36.7,388,57.8,496,6.6,79,670,0.523,1927,0.445,858,0.266,512,0.719,368,0.191,,26.2,292,574,2383,7.9,177,0.452,871,0.343,299,1056,0.529,559,44.3,962,0.549,13.9,351,65.4,501,2778,25.22,8.5,190,13.6,0.414,843,0.381,321,1194,0.58,693,55.7,1211,0.601,11.8,308,0.765,26
QUEENS-NC,QUEENS-NC,54.8,541,10,6,7.9,100,atlantic-sun,5,13,801,0.567,2046,0.482,987,0.374,766,0.739,566,0.277,,2,12,13,1370,Queens (NC),,118.7,30.2,348,47.6,462,9.1,99,804,0.536,2082,0.466,970,0.387,806,0.732,590,0.283,,33.2,398,646,2820,9.1,222,0.393,819,0.354,290,1263,0.538,680,51.1,1202,0.572,13.1,370,71.0,675,2886,-3.29,8.3,201,-4.96,0.47,962,0.36,346,1084,0.591,641,48.9,1149,0.599,13.1,363,0.618,21
SAINT-LOUIS,SAINT-LOUIS,60.0,605,3,7,9.8,115,atlantic-10,3,15,980,0.6,1980,0.509,1008,0.341,676,0.744,503,0.254,,0,19,5,1320,Saint Louis,,121.1,32.0,338,51.5,389,10.4,112,717,0.44,1997,0.379,756,0.369,736,0.731,538,0.269,,26.5,353,545,2294,10.2,243,0.415,829,0.294,244,1168,0.438,512,44.8,1070,0.489,14.1,386,72.0,604,2879,17.29,9.9,236,1.54,0.454,898,0.401,360,1082,0.599,648,55.2,1318,0.626,15.2,411,0.848,28
SAINT-MARYS-CA,SAINT-MARYS-CA,58.1,495,2,8,9.8,116,wcc,2,16,893,0.532,1847,0.461,852,0.362,668,0.805,538,0.291,,0,17,5,1280,Saint Mary's (CA),,117.6,37.8,398,52.7,398,9.1,107,654,0.462,1862,0.405,755,0.258,480,0.721,346,0.186,,23.7,277,582,2066,8.0,171,0.365,680,0.309,210,1182,0.461,545,41.9,931,0.494,13.6,330,66.5,500,2502,17.91,8.5,180,5.58,0.362,669,0.389,260,1178,0.503,592,58.1,1291,0.578,13.8,346,0.844,27
SANTA-CLARA,SANTA-CLARA,55.2,570,3,8,10.8,126,wcc,3,15,769,0.546,2205,0.468,1032,0.252,556,0.736,409,0.185,,1,14,8,1360,Santa Clara,,118.9,36.7,445,60.8,518,8.3,100,769,0.513,1891,0.451,852,0.376,711,0.734,522,0.276,,31.9,361,522,2463,9.2,218,0.383,725,0.327,237,1166,0.527,615,48.2,1130,0.553,17.7,478,69.7,663,2817,15.9,12.8,303,6.08,0.451,994,0.346,344,1211,0.568,688,51.8,1214,0.57,13.0,368,0.765,26
SIENA,SIENA,53.0,456,7,9,9.1,106,maac,7,13,824,0.506,1882,0.457,860,0.342,644,0.769,495,0.263,,4,9,11,1365,Siena,,109.3,31.9,346,48.3,389,9.6,123,738,0.486,1909,0.422,805,0.272,520,0.725,377,0.197,,29.0,337,563,2233,10.3,226,0.393,750,0.328,246,1159,0.482,559,47.9,1075,0.518,14.8,375,64.3,467,2398,-4.33,9.0,197,-9.18,0.319,601,0.304,183,1281,0.528,677,52.1,1170,0.548,13.8,351,0.676,23
SOUTH-FLORIDA,SOUTH-FLORIDA,59.4,554,3,9,11.1,133,american,3,15,872,0.514,2117,0.441,933,0.411,871,0.743,647,0.306,,2,13,8,1305,South Florida,,118.1,38.2,498,51.5,422,12.8,151,804,0.483,1977,0.415,820,0.381,753,0.703,529,0.268,,31.4,400,632,2437,8.4,202,0.397,784,0.342,268,1193,0.463,552,46.8,1204,0.522,16.4,457,73.3,625,2825,12.98,12.3,293,2.43,0.442,936,0.333,312,1181,0.526,621,53.2,1370,0.558,12.4,358,0.75,24
SOUTHERN-METHODIST,SOUTHERN-METHODIST,55.1,559,8,3,11.2,121,acc,10,8,839,0.557,2071,0.49,1015,0.306,634,0.741,470,0.227,,3,15,13,1330,Southern Methodist,,118.2,35.4,405,60.6,536,7.6,101,739,0.514,2036,0.434,884,0.32,652,0.718,468,0.23,,31.6,387,569,2561,9.4,222,0.472,960,0.339,325,1076,0.52,559,47.5,1126,0.546,14.7,403,70.7,559,2779,17.29,10.0,234,10.69,0.36,745,0.374,279,1326,0.555,736,52.5,1244,0.586,13.6,373,0.606,20
ST-JOHNS-NY,ST-JOHNS-NY,58.2,553,1,9,12.4,166,big-east,2,18,869,0.51,2093,0.454,950,0.419,877,0.727,638,0.305,,2,15,6,1365,St. John's (NY),,114.5,35.9,445,47.2,402,9.5,132,793,0.474,2025,0.421,852,0.318,643,0.717,461,0.228,,30.2,376,691,2379,8.7,211,0.337,683,0.313,214,1342,0.475,638,47.1,1169,0.51,16.8,469,71.0,588,2773,22.43,11.1,269,10.84,0.338,707,0.332,235,1386,0.516,715,52.9,1314,0.552,12.4,356,0.824,28
TEXAS-CHRISTIAN,TEXAS-CHRISTIAN,57.6,516,5,5,12.6,150,big-12,7,11,784,0.509,2000,0.448,896,0.387,774,0.708,548,0.274,,5,14,11,1335,TCU,,111.1,34.4,410,61.0,522,9.9,125,782,0.51,1920,0.446,856,0.304,583,0.719,419,0.218,,29.2,323,628,2378,8.8,205,0.381,732,0.337,247,1188,0.513,609,48.1,1105,0.541,17.2,457,69.7,538,2584,15.77,10.9,254,9.53,0.369,737,0.331,244,1263,0.516,652,51.9,1194,0.546,13.2,361,0.667,22
TENNESSEE,TENNESSEE,59.8,558,5,5,11.3,119,sec,7,11,876,0.516,2017,0.463,933,0.387,781,0.694,542,0.269,,3,14,11,1335,Tennessee,,116.8,45.1,529,45.4,352,9.4,129,644,0.477,1894,0.409,775,0.362,686,0.703,482,0.254,,27.9,339,624,2289,10.5,236,0.444,841,0.306,257,1053,0.492,518,41.2,983,0.516,14.2,366,67.3,590,2622,22.11,11.0,248,12.02,0.317,640,0.334,214,1377,0.522,719,58.8,1405,0.549,13.9,385,0.667,22
TENNESSEE-STATE,TENNESSEE-STATE,45.6,422,7,10,10.1,116,ovc,5,15,799,0.51,2015,0.46,926,0.338,681,0.765,521,0.259,,2,10,9,1285,Tennessee State,,111.5,35.4,417,49.9,404,7.4,103,760,0.504,1823,0.444,809,0.389,710,0.715,508,0.279,,28.4,317,538,2347,10.4,240,0.37,674,0.328,221,1149,0.512,588,47.0,1077,0.543,17.8,469,72.0,578,2577,-4.53,13.0,300,-8.66,0.306,616,0.331,204,1399,0.516,722,53.0,1216,0.551,14.3,390,0.719,23
TEXAS,TEXAS,43.5,394,6,4,7.6,94,sec,9,9,821,0.55,1862,0.486,905,0.453,843,0.752,634,0.34,,5,12,14,1290,Texas,,120.1,36.3,384,45.5,381,10.1,120,674,0.509,1864,0.449,837,0.408,761,0.737,561,0.301,,26.4,295,682,2458,9.6,215,0.333,620,0.36,223,1244,0.494,614,44.6,969,0.552,11.9,302,69.2,603,2681,16.18,8.2,184,10.31,0.36,671,0.353,237,1191,0.561,668,55.4,1205,0.593,13.5,353,0.563,18
TEXAS-AM,TEXAS-AM,61.3,580,5,6,8.9,103,sec,7,11,816,0.542,2065,0.458,946,0.374,772,0.737,569,0.276,,4,14,11,1310,Texas A&M,,118.2,32.3,391,56.3,494,11.5,127,821,0.508,1987,0.442,878,0.356,707,0.748,529,0.266,,32.5,393,601,2546,8.9,212,0.415,824,0.317,261,1163,0.531,617,50.1,1214,0.548,15.7,434,72.5,619,2807,16.77,10.9,260,8.62,0.463,956,0.362,346,1109,0.541,600,49.9,1207,0.577,12.5,347,0.656,21
TEXAS-TECH,TEXAS-TECH,55.5,507,5,5,9.5,119,big-12,6,12,813,0.562,1953,0.467,913,0.271,529,0.715,378,0.194,,2,14,10,1285,Texas Tech,,117.9,33.3,369,41.5,351,7.3,74,740,0.494,1924,0.439,845,0.316,608,0.694,422,0.219,,30.1,350,517,2324,8.8,193,0.35,674,0.315,212,1250,0.506,633,48.0,1090,0.525,12.7,321,67.9,523,2573,21.94,8.5,185,14.15,0.48,938,0.393,369,1015,0.536,544,52.0,1182,0.584,13.6,346,0.688,22
TROY,TROY,58.2,527,7,9,9.1,112,sun-belt,6,12,844,0.526,2014,0.449,905,0.358,721,0.738,532,0.264,,3,10,11,1370,Troy,,113.5,35.3,420,49.6,429,11.0,121,769,0.493,1996,0.433,865,0.317,633,0.7,443,0.222,,30.9,378,557,2412,9.8,229,0.383,764,0.313,239,1232,0.508,626,47.6,1147,0.525,15.5,420,68.1,552,2649,-0.75,11.3,263,-4.56,0.455,917,0.335,307,1097,0.545,598,52.4,1264,0.562,14.3,392,0.667,22
CENTRAL-FLORIDA,CENTRAL-FLORIDA,53.6,504,5,5,8.3,96,big-12,9,9,794,0.528,2017,0.466,940,0.308,622,0.74,460,0.228,,5,13,11,1290,UCF,,113.7,34.4,396,51.3,449,9.0,119,755,0.524,1918,0.456,875,0.352,676,0.743,502,0.262,,28.5,317,552,2511,8.3,190,0.397,761,0.34,259,1157,0.532,616,47.4,1072,0.561,13.9,360,70.6,560,2591,13.32,7.9,181,10.82,0.344,694,0.362,251,1323,0.521,689,52.6,1190,0.56,13.4,358,0.656,21
UCLA,UCLA,59.4,555,6,4,9.4,99,big-ten,7,13,759,0.539,1984,0.471,934,0.331,656,0.767,503,0.254,,1,17,11,1375,UCLA,,117.0,31.1,339,63.3,522,8.1,103,751,0.504,1901,0.433,824,0.347,659,0.753,496,0.261,,32.4,364,603,2414,7.3,164,0.447,849,0.318,270,1052,0.527,554,50.4,1115,0.545,15.6,409,65.7,582,2643,18.28,9.9,223,11.55,0.359,712,0.382,272,1272,0.52,662,49.6,1098,0.576,11.6,302,0.676,23
UTAH-STATE,UTAH-STATE,60.5,599,5,7,8.8,99,mwc,5,15,805,0.572,1986,0.498,990,0.378,751,0.707,531,0.267,,1,14,6,1365,Utah State,,120.0,33.3,371,50.0,400,9.7,113,743,0.492,1888,0.424,800,0.387,730,0.73,533,0.282,,31.7,374,612,2392,8.3,194,0.406,767,0.338,259,1121,0.483,541,48.7,1117,0.535,17.8,483,68.5,642,2806,17.36,12.8,299,6.51,0.412,818,0.358,293,1168,0.597,697,51.3,1176,0.599,13.3,360,0.824,28
VANDERBILT,VANDERBILT,56.2,543,4,8,12.9,155,sec,7,11,813,0.556,2019,0.478,966,0.387,781,0.789,616,0.305,,3,13,7,1330,Vanderbilt,,121.5,31.4,354,45.7,375,7.0,79,772,0.483,1934,0.424,820,0.414,801,0.753,603,0.312,,31.9,381,638,2471,7.3,172,0.378,731,0.312,228,1203,0.492,592,49.7,1153,0.534,15.5,424,70.8,644,2861,23.18,11.5,270,11.36,0.438,885,0.354,313,1134,0.576,653,50.3,1167,0.599,11.7,316,0.788,26
VILLANOVA,VILLANOVA,56.8,496,3,9,6.0,70,big-east,5,15,734,0.537,1912,0.457,873,0.313,598,0.694,415,0.217,,3,13,8,1295,Villanova,,114.8,32.4,369,53.7,444,7.5,78,769,0.513,1837,0.45,827,0.289,531,0.718,381,0.207,,31.7,341,530,2265,7.6,164,0.369,678,0.339,230,1159,0.515,597,50.2,1110,0.542,16.2,403,66.4,513,2469,16.32,11.1,238,9.94,0.457,873,0.353,308,1039,0.544,565,49.8,1103,0.562,12.9,324,0.75,24
VIRGINIA,VIRGINIA,59.1,563,2,8,17.5,220,acc,3,15,918,0.546,2058,0.463,952,0.33,680,0.726,494,0.24,,1,16,5,1385,Virginia,,119.1,37.9,449,50.3,400,9.6,106,735,0.453,2011,0.395,795,0.33,664,0.758,503,0.25,,29.2,379,599,2326,9.6,221,0.375,755,0.309,233,1256,0.447,562,44.9,1114,0.5,13.4,359,66.5,597,2742,21.61,9.5,219,9.38,0.465,957,0.359,344,1101,0.552,608,55.1,1367,0.576,13.4,368,0.853,29
VIRGINIA-COMMONWEALTH,VIRGINIA-COMMONWEALTH,52.7,467,3,7,11.3,144,atlantic-10,3,15,839,0.542,1917,0.462,886,0.44,844,0.741,625,0.326,,2,15,7,1320,Virginia Commonwealth,,117.9,32.8,374,49.8,419,8.8,95,765,0.488,1951,0.431,841,0.331,646,0.717,463,0.237,,30.1,362,664,2368,9.2,210,0.345,674,0.331,223,1277,0.484,618,48.2,1127,0.524,14.9,394,69.5,570,2703,13.1,10.6,242,2.95,0.438,840,0.364,306,1077,0.539,580,51.8,1213,0.583,13.2,353,0.788,26
WISCONSIN,WISCONSIN,57.3,543,4,6,8.5,105,big-ten,6,14,854,0.545,2106,0.45,947,0.319,672,0.786,528,0.251,,2,15,10,1380,Wisconsin,,118.8,29.4,353,50.6,467,12.5,125,847,0.513,2067,0.447,923,0.305,630,0.729,459,0.222,,28.2,335,591,2581,6.5,155,0.402,830,0.333,276,1237,0.523,647,49.5,1182,0.545,12.7,343,68.8,584,2822,19.54,8.1,193,12.45,0.526,1108,0.361,400,998,0.548,547,50.5,1207,0.582,11.1,304,0.706,24
WRIGHT-STATE,WRIGHT-STATE,48.1,469,5,9,11.5,148,horizon,5,15,821,0.549,1996,0.488,975,0.377,753,0.736,554,0.278,,5,11,11,1365,Wright State,,116.5,34.2,383,44.9,403,8.7,116,738,0.514,1963,0.457,897,0.335,658,0.728,479,0.244,,28.4,325,630,2497,9.9,234,0.345,678,0.33,224,1285,0.524,673,46.9,1063,0.549,15.2,407,69.0,590,2745,0.14,10.7,252,-4.43,0.334,667,0.361,241,1329,0.552,734,53.1,1204,0.583,14.0,383,0.676,23
